Code,Name,Primary Role ID,Primary Role Name,Non Primary Role ID(s),Operational Start Date,Operational End Date,Status,Last Changed,Country,Postcode,UPRN,Predecessor(s),Successor(s),Has Forward Succession?,Is Operated By - Code,Is Operated By - Name,Is Operated By - Primary Role Name,Is Operated By - Legal Start Date,Is Operated By - Legal End Date
5GW15,PAT LEWIS CDC,RO180,PRIMARY CARE TRUST SITE,,1/4/2006,12/7/2010,Inactive,8/5/2013,ENGLAND,HP1 1TT,,,5P4WG,TRUE,,,,,
5P4WG,PAT LEWIS CDC,RO180,PRIMARY CARE TRUST SITE,,1/10/2006,30-09-2022,Inactive,5/12/2022,ENGLAND,HP1 1TT,,5GW15,5QV45,FALSE,5P4,WEST HERTFORDSHIRE PCT,PRIMARY CARE TRUST,,
5PL43,WARNDON CDC,RO180,PRIMARY CARE TRUST SITE,,1/10/2006,30-09-2020,Inactive,28-04-2023,ENGLAND,WR4 9NX,,5DR14,,,5PL,WORCESTERSHIRE PCT,PRIMARY CARE TRUST,,
5QCDC,GRANGE LANE,RO180,PRIMARY CARE TRUST SITE,,1/10/2006,30-09-2020,Inactive,28-04-2023,ENGLAND,PO13 9AN,,,,,5QC,HAMPSHIRE PCT,PRIMARY CARE TRUST,,
5QV45,PAT LEWIS CDC,RO180,PRIMARY CARE TRUST SITE,,1/4/2010,30-09-2020,Inactive,28-04-2023,ENGLAND,HP1 1TT,,5P4WG,,,5QV,HERTFORDSHIRE PCT,PRIMARY CARE TRUST,,
A1C1W,ALDERSHOT CENTRE FOR HEALTH CDC,RO198,NHS TRUST SITE,RO317,1/10/2021,,Active,29-11-2021,ENGLAND,GU11 1AY,2.00004E+11,,,,RDU,FRIMLEY HEALTH NHS FOUNDATION TRUST,NHS TRUST,1/10/2021,
A1K2T,THANET CDC,RO198,NHS TRUST SITE,RO317,1/10/2023,,Active,5/10/2023,ENGLAND,CT10 2RZ,2.00003E+11,,,,RVV,EAST KENT HOSPITALS UNIVERSITY NHS FOUNDATION TRUST,NHS TRUST,1/10/2023,
A2C4J,AMERSHAM COMMUNITY HOSPITAL CDC,RO198,NHS TRUST SITE,RO317,1/10/2021,,Active,29-11-2021,ENGLAND,HP7 0JD,1.00081E+11,,,,RXQ,BUCKINGHAMSHIRE HEALTHCARE NHS TRUST,NHS TRUST,1/10/2021,
A2C5D,ICP NORTH - CDC,RO198,NHS TRUST SITE,RO317,1/10/2023,,Active,23-11-2023,ENGLAND,NE11 9YG,10022988107,,,,RR7,GATESHEAD HEALTH NHS FOUNDATION TRUST,NHS TRUST,1/10/2023,
A2S3I,EAST NORFOLK CDC,RO198,NHS TRUST SITE,RO317,1/1/2022,30-04-2023,Inactive,17-05-2023,ENGLAND,NR31 6LA,2.00004E+11,,,,RGP,JAMES PAGET UNIVERSITY HOSPITALS NHS FOUNDATION TRUST,NHS TRUST,,
A3I6U,BARKING COMMUNITY HOSPITAL CDC,RO198,NHS TRUST SITE,RO317,1/10/2021,,Active,29-11-2021,ENGLAND,IG11 9LX,100100148,,,,RF4,"BARKING, HAVERING AND REDBRIDGE UNIVERSITY HOSPITALS NHS TRUST",NHS TRUST,1/10/2021,
A5P8W,EALING CDC,RO198,NHS TRUST SITE,RO317,1/10/2023,,Active,30-10-2023,ENGLAND,UB1 3HW,12001075,,,,R1K,LONDON NORTH WEST UNIVERSITY HEALTHCARE NHS TRUST,NHS TRUST,1/10/2023,
A6L1J,BARNSLEY GLASSWORKS CDC,RO198,NHS TRUST SITE,RO317,1/10/2021,,Active,29-11-2021,ENGLAND,S75 2EP,1.00052E+11,,,,RFF,BARNSLEY HOSPITAL NHS FOUNDATION TRUST,NHS TRUST,1/10/2021,
A6U3A,PURLEY CDC,RO198,NHS TRUST SITE,RO317,1/10/2023,,Active,7/2/2024,ENGLAND,CR8 2YL,1.00023E+11,,,,RJ6,CROYDON HEALTH SERVICES NHS TRUST,NHS TRUST,1/10/2023,
A7B1T,CORBY CDC,RO198,NHS TRUST SITE,RO317,1/10/2022,,Active,20-02-2023,ENGLAND,NN17 2UW,,,,,RNQ,KETTERING GENERAL HOSPITAL NHS FOUNDATION TRUST,NHS TRUST,1/10/2022,
A8A1Z,BASILDON COMMUNITY DIAGNOSTICS CDC,RO198,NHS TRUST SITE,RO317,1/10/2021,,Active,29-11-2021,ENGLAND,SS16 5NL,1.00092E+11,,,,RAJ,MID AND SOUTH ESSEX NHS FOUNDATION TRUST,NHS TRUST,1/10/2021,
A8U6L,WAKEFIELD CDC,RO198,NHS TRUST SITE,RO317,1/10/2022,,Active,12/12/2022,ENGLAND,WF2 9SD,,,,,RXF,MID YORKSHIRE TEACHING NHS TRUST,NHS TRUST,1/10/2022,
A9D8L,BEXHILL CDC,RO198,NHS TRUST SITE,RO317,1/10/2021,31-01-2023,Inactive,24-02-2023,ENGLAND,TN40 2DZ,1.00063E+11,,,,RXC,EAST SUSSEX HEALTHCARE NHS TRUST,NHS TRUST,,
A9F7M,BLAYDON CDC,RO198,NHS TRUST SITE,RO317,1/10/2021,,Active,29-11-2021,ENGLAND,NE21 5NW,10022993178,,,,RR7,GATESHEAD HEALTH NHS FOUNDATION TRUST,NHS TRUST,1/10/2021,
A9N2S,BNSGG (PHASE 1) WESTON CDC,RO198,NHS TRUST SITE,RO317,1/10/2021,,Active,29-11-2021,ENGLAND,BS23 4TQ,24004162,,,,RA7,UNIVERSITY HOSPITALS BRISTOL AND WESTON NHS FOUNDATION TRUST,NHS TRUST,1/10/2021,
ACDC,SHEERWATER HEALTHCARE LIMITED,RO104,SOCIAL CARE PROVIDER,,25-11-2008,,Active,4/6/2019,ENGLAND,NW7 2AS,,,,,,,,,
B1O1I,BOGNOR CDC,RO198,NHS TRUST SITE,RO317,1/10/2021,,Active,29-11-2021,ENGLAND,PO22 9PP,2.00003E+11,,,,RDR,SUSSEX COMMUNITY NHS FOUNDATION TRUST,NHS TRUST,1/10/2021,
B1Y7K,HYTHE CDC,RO198,NHS TRUST SITE,RO317,6/3/2024,,Active,6/3/2024,ENGLAND,SO45 4ZB,,,,,RW1,SOUTHERN HEALTH NHS FOUNDATION TRUST,NHS TRUST,6/3/2024,
B2T1M,BOLTON CDC,RO198,NHS TRUST SITE,RO317,1/10/2021,,Active,29-11-2021,ENGLAND,BL4 0JR,2.00003E+11,,,,RMC,BOLTON NHS FOUNDATION TRUST,NHS TRUST,1/10/2021,
B4B4S,BSW BANES LOCALITY CDC,RO198,NHS TRUST SITE,RO317,1/10/2021,,Active,29-11-2021,ENGLAND,BA2 8SQ,10001150094,,,,RD1,ROYAL UNITED HOSPITALS BATH NHS FOUNDATION TRUST,NHS TRUST,1/10/2021,
B4J6P,WILLESDEN CDC,RO198,NHS TRUST SITE,RO317,1/10/2023,,Active,7/2/2024,ENGLAND,NW10 3RY,202090499,,,,RYJ,IMPERIAL COLLEGE HEALTHCARE NHS TRUST,NHS TRUST,1/10/2023,
B6D5N,BUCKLAND COMMUNITY HOSPITAL CDC,RO198,NHS TRUST SITE,RO317,1/10/2021,,Active,29-11-2021,ENGLAND,CT17 0HD,10034891638,,,,RVV,EAST KENT HOSPITALS UNIVERSITY NHS FOUNDATION TRUST,NHS TRUST,1/10/2021,
B7O2X,ELY CDC,RO198,NHS TRUST SITE,RO317,1/10/2021,31-03-2023,Inactive,20-04-2023,ENGLAND,CB6 1DN,10002596456,,,,RGN,NORTH WEST ANGLIA NHS FOUNDATION TRUST,NHS TRUST,,
B7W3U,WALTON CDC,RO198,NHS TRUST SITE,RO317,1/10/2023,,Active,7/2/2024,ENGLAND,S40 3HW,74060348,,,,RTG,UNIVERSITY HOSPITALS OF DERBY AND BURTON NHS FOUNDATION TRUST,NHS TRUST,1/10/2023,
C0U5C,BRIDGEWATER CDC,RO198,NHS TRUST SITE,RO317,1/10/2023,,Active,7/2/2024,ENGLAND,TA6 4GU,10090854685,,,,RH5,SOMERSET NHS FOUNDATION TRUST,NHS TRUST,1/10/2023,
C0Z1C,CANNOCK CHASE CDC,RO198,NHS TRUST SITE,RO317,1/10/2021,,Active,29-11-2021,ENGLAND,WS11 5XY,1.00032E+11,,,,RL4,THE ROYAL WOLVERHAMPTON NHS TRUST,NHS TRUST,1/10/2021,
C1G7Z,CDC POOLE @ DORSET HEALTH VILLAGE,RO198,NHS TRUST SITE,RO317,1/10/2021,30-04-2023,Inactive,25-05-2023,ENGLAND,BH15 1SZ,,,,,RDY,DORSET HEALTHCARE UNIVERSITY NHS FOUNDATION TRUST,NHS TRUST,,
C2N1G,ASKHAM BAR CDC,RO198,NHS TRUST SITE,RO317,1/10/2023,,Active,6/2/2024,ENGLAND,YO24 1LW,,,,,RCB,YORK AND SCARBOROUGH TEACHING HOSPITALS NHS FOUNDATION TRUST,NHS TRUST,1/10/2023,
C4K0X,LIVERPOOL WOMENS CDC,RO198,NHS TRUST SITE,RO317,1/10/2023,,Active,6/2/2024,ENGLAND,L8 7SS,38039333,,,,REN,THE CLATTERBRIDGE CANCER CENTRE NHS FOUNDATION TRUST,NHS TRUST,1/10/2023,
C4Q4G,DORSET HEALTH VILLAGE WEYMOUTH CDC,RO198,NHS TRUST SITE,RO317,1/10/2023,,Active,7/2/2024,ENGLAND,DT4 7TB,10070569932,,,,RBD,DORSET COUNTY HOSPITAL NHS FOUNDATION TRUST,NHS TRUST,1/10/2023,
C5R7C,HEREFORD CITY CDC,RO198,NHS TRUST SITE,RO317,1/4/2023,,Active,26-04-2023,ENGLAND,HR4 9SB,,,,,RLQ,WYE VALLEY NHS TRUST,NHS TRUST,1/4/2023,
C5W7L,BEESTON VILLAGE HEALTH CENTRE CDC,RO198,NHS TRUST SITE,RO317,1/10/2023,,Active,6/2/2024,ENGLAND,LS11 8PN,72657986,,,,RR8,LEEDS TEACHING HOSPITALS NHS TRUST,NHS TRUST,1/10/2023,
C6G8Z,CLACTON CDC,RO198,NHS TRUST SITE,RO317,1/10/2021,,Active,29-11-2021,ENGLAND,CO15 1LH,1.00091E+11,,,,RDE,EAST SUFFOLK AND NORTH ESSEX NHS FOUNDATION TRUST,NHS TRUST,1/10/2021,
C7F7J,ISLAND CDC,RO198,NHS TRUST SITE,RO317,1/4/2023,,Active,25-05-2023,ENGLAND,PO30 5TG,10003316992,,,,R1F,ISLE OF WIGHT NHS TRUST,NHS TRUST,1/4/2023,
C8U4N,CLATTERBRIDGE DIAGNOSTICS CDC,RO198,NHS TRUST SITE,RO317,1/10/2021,31-10-2022,Inactive,31-10-2022,ENGLAND,CH63 4JY,42025551,,,,REN,THE CLATTERBRIDGE CANCER CENTRE NHS FOUNDATION TRUST,NHS TRUST,,
C8X7R,LEEDS CDC,RO198,NHS TRUST SITE,RO317,1/10/2022,,Active,12/12/2022,ENGLAND,LS14 6UH,72240938,,,,RR8,LEEDS TEACHING HOSPITALS NHS TRUST,NHS TRUST,1/10/2022,
D0W4Z,DEVON AND TORBAY CDC,RO198,NHS TRUST SITE,RO317,1/4/2023,,Active,16-08-2023,ENGLAND,TQ1 3AQ,,,,,RA9,TORBAY AND SOUTH DEVON NHS FOUNDATION TRUST,NHS TRUST,1/4/2023,
D2O0B,CORBETT CDC,RO198,NHS TRUST SITE,RO317,1/10/2021,,Active,29-11-2021,ENGLAND,DY8 4AP,90201314,,,,RNA,THE DUDLEY GROUP NHS FOUNDATION TRUST,NHS TRUST,1/10/2021,
D4X8G,COVENTRY CITY COMMUNITY CDC,RO198,NHS TRUST SITE,RO317,1/10/2021,,Active,29-11-2021,ENGLAND,CV2 2DX,10023034079,,,,RKB,UNIVERSITY HOSPITALS COVENTRY AND WARWICKSHIRE NHS TRUST,NHS TRUST,1/10/2021,
D5M4B,CIOS BODMIN CDC,RO198,NHS TRUST SITE,RO317,17-07-2024,,Active,17-07-2024,ENGLAND,PL31 2QT,10003289658,,,,REF,ROYAL CORNWALL HOSPITALS NHS TRUST,NHS TRUST,17-07-2024,
D6A8A,WARRINGTON & HALTON CDC,RO198,NHS TRUST SITE,RO317,1/10/2022,30-04-2023,Inactive,17-05-2023,ENGLAND,WA7 2DA,,,,,RWW,WARRINGTON AND HALTON TEACHING HOSPITALS NHS FOUNDATION TRUST,NHS TRUST,,
D6Z5W,DARLINGTON MEMORIAL HOSPITAL CDC,RO198,NHS TRUST SITE,RO317,1/10/2021,30-11-2022,Inactive,12/12/2022,ENGLAND,DL3 6HX,2.00003E+11,,,,RXP,COUNTY DURHAM AND DARLINGTON NHS FOUNDATION TRUST,NHS TRUST,,
D6Z7I,ROMSEY CDC,RO198,NHS TRUST SITE,RO317,6/3/2024,,Active,6/3/2024,ENGLAND,SO51 7ZA,2.00001E+11,,,,RW1,SOUTHERN HEALTH NHS FOUNDATION TRUST,NHS TRUST,6/3/2024,
D7D3Y,DEVON EXETER NIGHTINGALE CDC,RO198,NHS TRUST SITE,RO317,1/10/2021,,Active,29-11-2021,ENGLAND,EX2 7JG,,,,,RH8,ROYAL DEVON UNIVERSITY HEALTHCARE NHS FOUNDATION TRUST,NHS TRUST,1/10/2021,
D8G6B,WEST CORNWALL CDC,RO198,NHS TRUST SITE,RO317,1/10/2023,,Active,7/2/2024,ENGLAND,TR18 2PF,1.00041E+11,,,,REF,ROYAL CORNWALL HOSPITALS NHS TRUST,NHS TRUST,1/10/2023,
D8W9Q,BURNLEY CDC,RO198,NHS TRUST SITE,RO317,1/10/2023,,Active,6/2/2024,ENGLAND,BB10 2PQ,10023762685,,,,RXR,EAST LANCASHIRE HOSPITALS NHS TRUST,NHS TRUST,1/10/2023,
D9L4B,WALLINGTON TOWN HALL CDC,RO198,NHS TRUST SITE,RO317,1/4/2022,,Active,13-09-2022,ENGLAND,SM6 0NB,,,,,RVR,EPSOM AND ST HELIER UNIVERSITY HOSPITALS NHS TRUST,NHS TRUST,1/4/2022,
D9T0G,ANDOVER CDC,RO198,NHS TRUST SITE,RO317,1/4/2022,,Active,30-08-2022,ENGLAND,SP10 3LB,1.00063E+11,,,,RN5,HAMPSHIRE HOSPITALS NHS FOUNDATION TRUST,NHS TRUST,1/4/2022,
E2G3A,DURHAM TREATMENT CENTRE CDC,RO198,NHS TRUST SITE,RO317,1/10/2021,30-04-2023,Inactive,17-05-2023,ENGLAND,DH1 1HP,10094017188,,,,R0B,SOUTH TYNESIDE AND SUNDERLAND NHS FOUNDATION TRUST,NHS TRUST,,
E4G7W,FLEETWOOD CDC,RO198,NHS TRUST SITE,RO317,1/10/2023,,Active,6/2/2024,ENGLAND,FY7 6HP,10024168897,,,,RXL,BLACKPOOL TEACHING HOSPITALS NHS FOUNDATION TRUST,NHS TRUST,1/10/2023,
E6F5S,SIR ROBERT PEEL CDC,RO198,NHS TRUST SITE,RO317,1/10/2023,,Active,7/2/2024,ENGLAND,B78 3NG,,,,,RTG,UNIVERSITY HOSPITALS OF DERBY AND BURTON NHS FOUNDATION TRUST,NHS TRUST,1/10/2023,
E6S5Y,BRIERLEY HILL CDC,RO198,NHS TRUST SITE,RO317,23-04-2024,12/7/2024,Inactive,12/7/2024,ENGLAND,DY5 1RU,90204901,,,,RYK,DUDLEY INTEGRATED HEALTH AND CARE NHS TRUST,NHS TRUST,,
E7P1H,CDC POOLE @ DORSET HEALTH VILLAGE,RO198,NHS TRUST SITE,RO317,1/4/2023,,Active,25-05-2023,ENGLAND,BH15 2JB,1.00041E+11,,,,R0D,UNIVERSITY HOSPITALS DORSET NHS FOUNDATION TRUST,NHS TRUST,1/4/2023,
E7Z5E,ELLESMERE PORT CDC,RO198,NHS TRUST SITE,RO317,1/10/2021,30-04-2023,Inactive,17-05-2023,ENGLAND,CH65 6SG,2.00003E+11,,,,RJR,COUNTESS OF CHESTER HOSPITAL NHS FOUNDATION TRUST,NHS TRUST,,
E8K3D,FALMER COMMUNITY STADIUM CDC,RO198,NHS TRUST SITE,RO317,1/10/2021,,Active,29-11-2021,ENGLAND,BN1 9SG,22183501,,,,RYR,UNIVERSITY HOSPITALS SUSSEX NHS FOUNDATION TRUST,NHS TRUST,1/10/2021,
E8L2V,WISBECH CDC,RO198,NHS TRUST SITE,RO317,1/10/2021,30-04-2023,Inactive,17-05-2023,ENGLAND,CB6 1DN,10002596456,,,,RGN,NORTH WEST ANGLIA NHS FOUNDATION TRUST,NHS TRUST,,
E8L5B,UNIVERSITY OF CHICHESTER BOGNOR CDC,RO198,NHS TRUST SITE,RO317,1/4/2023,,Active,23-02-2024,ENGLAND,PO21 1HR,2.00003E+11,,,,RYR,UNIVERSITY HOSPITALS SUSSEX NHS FOUNDATION TRUST,NHS TRUST,1/4/2023,
F0U9Q,FINCHLEY MEMORIAL HOSPITAL CDC,RO198,NHS TRUST SITE,RO317,1/10/2021,,Active,29-11-2021,ENGLAND,N12 0JE,200050404,,,,RAL,ROYAL FREE LONDON NHS FOUNDATION TRUST,NHS TRUST,1/10/2021,
F1L2V,SCARBOROUGH GATEWAY CDC,RO198,NHS TRUST SITE,,1/4/2023,,Active,10/8/2023,ENGLAND,YO11 2PF,1.00052E+11,,,,RCB,YORK AND SCARBOROUGH TEACHING HOSPITALS NHS FOUNDATION TRUST,NHS TRUST,1/4/2023,
F2Z7L,FLORENCE NIGHTINGALE COMMUNITY HOSPITAL CDC,RO198,NHS TRUST SITE,RO317,1/10/2021,,Active,29-11-2021,ENGLAND,DE1 2QY,10010682457,,,,RTG,UNIVERSITY HOSPITALS OF DERBY AND BURTON NHS FOUNDATION TRUST,NHS TRUST,1/10/2021,
F3F2M,ELTHAM COMMUNITY HOSPITAL CDC,RO198,NHS TRUST SITE,RO317,1/4/2022,,Active,30-08-2022,ENGLAND,SE9 5DQ,10010251898,,,,RJ2,LEWISHAM AND GREENWICH NHS TRUST,NHS TRUST,1/4/2022,
F3J0G,GLOUCESTERSHIRE COMMUNITY CDC,RO198,NHS TRUST SITE,RO317,1/10/2021,30-11-2022,Inactive,12/12/2022,ENGLAND,GL1 3NN,10091793965,,,,RTE,GLOUCESTERSHIRE HOSPITALS NHS FOUNDATION TRUST,NHS TRUST,,
F3Y9S,KIDDERMINSTER TREATMENT CENTRE CDC,RO198,NHS TRUST SITE,RO317,1/10/2023,,Active,7/2/2024,ENGLAND,DY11 6RJ,1.00121E+11,,,,RWP,WORCESTERSHIRE ACUTE HOSPITALS NHS TRUST,NHS TRUST,1/10/2023,
F7F9Z,GLOUCESTERSHIRE QUAYSIDE CDC,RO198,NHS TRUST SITE,RO317,1/10/2021,,Active,29-11-2021,ENGLAND,GL1 2TZ,1.00121E+11,,,,RTE,GLOUCESTERSHIRE HOSPITALS NHS FOUNDATION TRUST,NHS TRUST,1/10/2021,
F7J0D,HEATHERWOOD CDC,RO198,NHS TRUST SITE,RO317,11/4/2024,,Active,11/4/2024,ENGLAND,SL5 7GB,10012338583,,,,RDU,FRIMLEY HEALTH NHS FOUNDATION TRUST,NHS TRUST,11/4/2024,
F8C7M,BODMIN CDC,RO176,INDEPENDENT SECTOR H/C PROVIDER SITE,,1/4/2021,,Active,9/1/2024,ENGLAND,PL31 2QT,,,,,NEF,KORUS HEALTH,INDEPENDENT SECTOR HEALTHCARE PROVIDER,1/4/2021,
F8O5K,DARTFORD GRAVESHAM & SWANLEY CDC,RO198,NHS TRUST SITE,RO317,1/4/2023,,Active,19-04-2023,ENGLAND,DA1 1SA,1.00062E+11,,,,RN7,DARTFORD AND GRAVESHAM NHS TRUST,NHS TRUST,1/4/2023,
F9S8Z,GRANTHAM CDC,RO198,NHS TRUST SITE,RO317,1/10/2021,,Active,29-11-2021,ENGLAND,NG31 8HX,,,,,RWD,UNITED LINCOLNSHIRE HOSPITALS NHS TRUST,NHS TRUST,1/10/2021,
G1C1E,GUY'S CANCER CENTRE CDC,RO198,NHS TRUST SITE,RO317,1/10/2021,30-11-2022,Inactive,12/12/2022,ENGLAND,SE1 9RT,,,,,RJ1,GUY'S AND ST THOMAS' NHS FOUNDATION TRUST,NHS TRUST,,
G2E0X,OAK PARK CDC,RO198,NHS TRUST SITE,RO317,6/3/2024,,Active,6/3/2024,ENGLAND,PO9 2AW,,,,,RHU,PORTSMOUTH HOSPITALS UNIVERSITY NATIONAL HEALTH SERVICE TRUST,NHS TRUST,6/3/2024,
G5N6W,HUMBER COAST AND VALE CDC,RO198,NHS TRUST SITE,RO317,1/10/2021,30-04-2023,Inactive,17-05-2023,ENGLAND,HU3 2JZ,21113610,,,,RWA,HULL UNIVERSITY TEACHING HOSPITALS NHS TRUST,NHS TRUST,,
G5U3D,GUEST CDC,RO198,NHS TRUST SITE,RO317,1/10/2023,,Active,7/2/2024,ENGLAND,DY1 4SE,90202254,,,,RNA,THE DUDLEY GROUP NHS FOUNDATION TRUST,NHS TRUST,1/10/2023,
G8S0E,PETERBOROUGH CDC,RO198,NHS TRUST SITE,RO317,1/10/2022,,Active,13-12-2022,ENGLAND,PE1 1NG,,,,,RT1,CAMBRIDGESHIRE AND PETERBOROUGH NHS FOUNDATION TRUST,NHS TRUST,1/10/2022,
G8Z9O,ST ALBANS CDC,RO198,NHS TRUST SITE,RO317,1/10/2023,,Active,7/2/2024,ENGLAND,AL3 5PN,1.00081E+11,,,,RWG,WEST HERTFORDSHIRE TEACHING HOSPITALS NHS TRUST,NHS TRUST,1/10/2023,
G9V6V,KIDDERMINSTER TREATMENT CENTRE CDC,RO198,NHS TRUST SITE,RO317,1/10/2021,30-04-2023,Inactive,23-05-2023,ENGLAND,DY11 6RJ,1.00121E+11,,,,RWP,WORCESTERSHIRE ACUTE HOSPITALS NHS TRUST,NHS TRUST,,
H1A7R,KINGS MILL CDC,RO198,NHS TRUST SITE,RO317,1/10/2021,,Active,29-11-2021,ENGLAND,NG17 4JL,1.00032E+11,,,,RK5,SHERWOOD FOREST HOSPITALS NHS FOUNDATION TRUST,NHS TRUST,1/10/2021,
H3T6S,WISBECH CDC,RO198,NHS TRUST SITE,RO317,1/10/2023,,Active,10/1/2024,ENGLAND,PE13 3AB,10009296507,,,,RGT,CAMBRIDGE UNIVERSITY HOSPITALS NHS FOUNDATION TRUST,NHS TRUST,1/10/2023,
H4U6P,LIVERPOOL WOMEN'S HOSPITAL CDC,RO198,NHS TRUST SITE,RO317,1/10/2021,,Active,29-11-2021,ENGLAND,L8 7SS,38039333,,,,REP,LIVERPOOL WOMEN'S NHS FOUNDATION TRUST,NHS TRUST,1/10/2021,
H5H6N,ELY CDC,RO198,NHS TRUST SITE,RO317,1/4/2023,,Active,10/1/2024,ENGLAND,CB6 1DN,10002596456,,,,RGT,CAMBRIDGE UNIVERSITY HOSPITALS NHS FOUNDATION TRUST,NHS TRUST,1/4/2023,
H5N3V,LYMINGTON NEW FOREST HOSPITAL CDC,RO198,NHS TRUST SITE,RO317,1/10/2021,,Active,29-11-2021,ENGLAND,SO41 8QD,10013630576,,,,RW1,SOUTHERN HEALTH NHS FOUNDATION TRUST,NHS TRUST,1/10/2021,
H5P4W,NOTTINGHAM CITY CDC,RO198,NHS TRUST SITE,RO317,1/4/2023,,Active,10/8/2023,ENGLAND,NG1 7DD,,,,,RX1,NOTTINGHAM UNIVERSITY HOSPITALS NHS TRUST,NHS TRUST,1/4/2023,
H5U2Y,NORFOLK AND NORWICH-CDC,RO198,NHS TRUST SITE,RO317,28-05-2024,,Active,28-05-2024,ENGLAND,NR4 7UY,2630106468,,,,RM1,NORFOLK AND NORWICH UNIVERSITY HOSPITALS NHS FOUNDATION TRUST,NHS TRUST,28-05-2024,
H6P3S,RUGBY ST CROSS CDC,RO198,NHS TRUST SITE,RO317,1/10/2023,,Active,7/2/2024,ENGLAND,CV22 5PX,,,,,RKB,UNIVERSITY HOSPITALS COVENTRY AND WARWICKSHIRE NHS TRUST,NHS TRUST,1/10/2023,
H6T0N,HEMEL HEMPSTEAD HOSPITAL CDC,RO198,NHS TRUST SITE,RO317,1/10/2022,,Active,20-02-2023,ENGLAND,HP2 4AD,1.00081E+11,,,,RPA,MEDWAY NHS FOUNDATION TRUST,NHS TRUST,1/10/2022,
H7S0B,WEST KENT CDC,RO198,NHS TRUST SITE,RO317,1/10/2021,,Active,13-10-2022,ENGLAND,ME16 9QQ,2.00004E+11,,,,RWF,MAIDSTONE AND TUNBRIDGE WELLS NHS TRUST,NHS TRUST,1/10/2021,
H8C3M,ARMLEY MOOR HEALTH CENTRE CDC,RO198,NHS TRUST SITE,RO317,1/10/2023,,Active,6/2/2024,ENGLAND,LS12 3HD,72673080,,,,RR8,LEEDS TEACHING HOSPITALS NHS TRUST,NHS TRUST,1/10/2023,
H8C7C,BISHOP AUCKLAND CDC,RO198,NHS TRUST SITE,RO317,1/10/2021,,Active,29-11-2021,ENGLAND,DL14 6AD,10014554763,,,,RXP,COUNTY DURHAM AND DARLINGTON NHS FOUNDATION TRUST,NHS TRUST,1/10/2021,
H9M2X,ELLESMERE PORT CDC,RO198,NHS TRUST SITE,RO317,1/10/2023,,Active,6/2/2024,ENGLAND,CH65 6SG,2.00003E+11,,,,RJR,COUNTESS OF CHESTER HOSPITAL NHS FOUNDATION TRUST,NHS TRUST,1/10/2023,
I0I2G,ILKESTON COMMUNITY HOSPITAL CDC,RO198,NHS TRUST SITE,RO317,1/10/2021,,Active,29-11-2021,ENGLAND,DE7 8LN,1.00032E+11,,,,RTG,UNIVERSITY HOSPITALS OF DERBY AND BURTON NHS FOUNDATION TRUST,NHS TRUST,1/10/2021,
I1E2U,TAUNTON CENTRAL CDC,RO198,NHS TRUST SITE,RO317,1/10/2023,,Active,7/2/2024,ENGLAND,TA1 1NW,10012902860,,,,RH5,SOMERSET NHS FOUNDATION TRUST,NHS TRUST,1/10/2023,
I1J0M,LEICESTER CDC,RO198,NHS TRUST SITE,RO317,1/10/2021,,Active,29-11-2021,ENGLAND,LE5 4PW,2465127983,,,,RWE,UNIVERSITY HOSPITALS OF LEICESTER NHS TRUST,NHS TRUST,1/10/2021,
I1K6X,FAREHAM COMMUNITY HOSPITAL CDC,RO198,NHS TRUST SITE,RO317,6/3/2024,,Active,6/3/2024,ENGLAND,SO31 7DQ,10012136186,,,,RHU,PORTSMOUTH HOSPITALS UNIVERSITY NATIONAL HEALTH SERVICE TRUST,NHS TRUST,6/3/2024,
I2B9I,MONTAGU HOSPITAL CDC,RO198,NHS TRUST SITE,RO317,1/10/2021,,Active,29-11-2021,ENGLAND,S64 0AZ,1.00051E+11,,,,RP5,DONCASTER AND BASSETLAW TEACHING HOSPITALS NHS FOUNDATION TRUST,NHS TRUST,1/10/2021,
I2D4B,NORTH EAST LINCOLNSHIRE CDC,RO198,NHS TRUST SITE,,1/10/2023,,Active,3/11/2023,ENGLAND,DN31 1QL,,,,,RJL,NORTHERN LINCOLNSHIRE AND GOOLE NHS FOUNDATION TRUST,NHS TRUST,1/10/2023,
I3G3P,WEST MENDIP CDC,RO198,NHS TRUST SITE,,1/10/2023,,Active,7/2/2024,ENGLAND,BA6 8JD,250059309,,,,RH5,SOMERSET NHS FOUNDATION TRUST,NHS TRUST,1/10/2023,
I4I0C,NORTH TYNESIDE CDC,RO198,NHS TRUST SITE,RO317,1/10/2021,30-04-2023,Inactive,17-05-2023,ENGLAND,NE29 8NH,47074492,,,,RTF,NORTHUMBRIA HEALTHCARE NHS FOUNDATION TRUST,NHS TRUST,,
I5K7X,NORTH MANCHESTER CDC,RO198,NHS TRUST SITE,RO317,1/4/2023,,Active,28-09-2023,ENGLAND,M9 4DA,,,,,R0A,MANCHESTER UNIVERSITY NHS FOUNDATION TRUST,NHS TRUST,1/4/2023,
I7N9A,MANCHESTER AND TRAFFORD CDC,RO198,NHS TRUST SITE,RO317,1/10/2021,,Active,29-11-2021,ENGLAND,M20 2LR,10090669607,,,,R0A,MANCHESTER UNIVERSITY NHS FOUNDATION TRUST,NHS TRUST,1/10/2021,
I7T1E,MILE END HOSPITAL CDC,RO198,NHS TRUST SITE,RO317,1/10/2021,,Active,29-11-2021,ENGLAND,E1 4DG,6033653,,,,R1H,BARTS HEALTH NHS TRUST,NHS TRUST,1/10/2021,
I8O6Y,SOUTH PETHERTON CDC,RO198,NHS TRUST SITE,RO317,1/10/2023,,Active,9/2/2024,ENGLAND,TA13 5EF,30124582,,,,RH5,SOMERSET NHS FOUNDATION TRUST,NHS TRUST,1/10/2023,
I9V5Q,MILFORD COMMUNITY HOSPITAL CDC,RO198,NHS TRUST SITE,RO317,1/10/2021,,Active,29-11-2021,ENGLAND,GU7 1UF,1.00063E+11,,,,RA2,ROYAL SURREY COUNTY HOSPITAL NHS FOUNDATION TRUST,NHS TRUST,1/10/2021,
J0V8Q,NEW QEII HOSPITAL CDC,RO198,NHS TRUST SITE,RO317,1/10/2021,,Active,29-11-2021,ENGLAND,AL7 4HQ,10093071360,,,,RWH,EAST AND NORTH HERTFORDSHIRE NHS TRUST,NHS TRUST,1/10/2021,
J2H6R,WEST ESSEX CDC,RO198,NHS TRUST SITE,RO317,1/10/2022,,Active,13-12-2022,ENGLAND,CM16 6TN,,,,,RQW,THE PRINCESS ALEXANDRA HOSPITAL NHS TRUST,NHS TRUST,1/10/2022,
J2Y8I,NWL EALING CDC,RO198,NHS TRUST SITE,RO317,1/10/2021,,Active,30-08-2022,ENGLAND,UB1 3HW,12001075,,,,RYJ,IMPERIAL COLLEGE HEALTHCARE NHS TRUST,NHS TRUST,1/10/2021,
J3K0N,LINCOLN CDC,RO198,NHS TRUST SITE,RO317,1/4/2023,,Active,10/8/2023,ENGLAND,LN6 7DJ,235054839,,,,RWD,UNITED LINCOLNSHIRE HOSPITALS NHS TRUST,NHS TRUST,1/4/2023,
J3K6R,CAMBORNE AND REDRUTH CDC,RO198,NHS TRUST SITE,RO317,1/4/2023,,Active,16-08-2023,ENGLAND,TR15 1AN,10012965035,,,,REF,ROYAL CORNWALL HOSPITALS NHS TRUST,NHS TRUST,1/4/2023,
J3K7B,CROSSLAND CDC,RO198,NHS TRUST SITE,RO317,1/10/2023,,Active,6/2/2024,ENGLAND,LA14 4LF,36026148,,,,RTX,UNIVERSITY HOSPITALS OF MORECAMBE BAY NHS FOUNDATION TRUST,NHS TRUST,1/10/2023,
J5I2J,NORTHERN CARE ALLIANCE CDC - SALFORD,RO198,NHS TRUST SITE,RO317,1/10/2021,,Active,10/8/2023,ENGLAND,M50 1ZD,,,,,RM3,NORTHERN CARE ALLIANCE NHS FOUNDATION TRUST,NHS TRUST,1/10/2021,
J6N3U,SWALE CDC,RO198,NHS TRUST SITE,RO317,1/10/2022,,Active,22-12-2022,ENGLAND,ME12 3LT,10035066066,,,,RPA,MEDWAY NHS FOUNDATION TRUST,NHS TRUST,1/10/2022,
J7J7S,NORTHERN CARE ALLIANCE CDC - OLDHAM,RO198,NHS TRUST SITE,RO317,1/10/2021,,Active,29-11-2021,ENGLAND,OL2 6HZ,4.22E+11,,,,RM3,NORTHERN CARE ALLIANCE NHS FOUNDATION TRUST,NHS TRUST,1/10/2021,
J9E9X,NOTTINGHAM TREATMENT CENTRE CDC,RO198,NHS TRUST SITE,RO317,1/10/2021,,Active,29-11-2021,ENGLAND,NG7 2FT,10022959796,,,,RX1,NOTTINGHAM UNIVERSITY HOSPITALS NHS TRUST,NHS TRUST,1/10/2021,
J9F8D,OXFORD CDC,RO198,NHS TRUST SITE,RO317,1/10/2021,,Active,19-01-2022,ENGLAND,OX4 2LL,,,,,RTH,OXFORD UNIVERSITY HOSPITALS NHS FOUNDATION TRUST,NHS TRUST,1/10/2021,
J9H3F,BISHOPS STORTFORD CDC,RO198,NHS TRUST SITE,RO317,1/10/2023,,Active,7/2/2024,ENGLAND,CM23 5JH,10033100242,,,,RQW,THE PRINCESS ALEXANDRA HOSPITAL NHS TRUST,NHS TRUST,1/10/2023,
J9W8Y,"DORSET HEALTH VILLAGE BOSCOMBE, AECC CDC",RO198,NHS TRUST SITE,RO317,1/10/2023,,Active,8/2/2024,ENGLAND,BH5 2DF,,,,,R0D,UNIVERSITY HOSPITALS DORSET NHS FOUNDATION TRUST,NHS TRUST,1/10/2023,
K1W4U,SALISBURY CDC,RO198,NHS TRUST SITE,RO317,12/7/2024,,Active,12/7/2024,ENGLAND,SP1 3SL,10010456907,,,,RNZ,SALISBURY NHS FOUNDATION TRUST,NHS TRUST,12/7/2024,
K2D8R,PADDINGTON CDC,RO198,NHS TRUST SITE,RO317,1/10/2023,,Active,6/2/2024,ENGLAND,L7 3EW,,,,,REN,THE CLATTERBRIDGE CANCER CENTRE NHS FOUNDATION TRUST,NHS TRUST,1/10/2023,
K4H6P,PENRITH CDC,RO198,NHS TRUST SITE,RO317,1/10/2021,,Active,29-11-2021,ENGLAND,CA11 8HX,1.00111E+11,,,,RNN,NORTH CUMBRIA INTEGRATED CARE NHS FOUNDATION TRUST,NHS TRUST,1/10/2021,
K5C0P,AMERSHAM HOSPITAL CDC,RO198,NHS TRUST SITE,RO317,6/3/2024,,Active,6/3/2024,ENGLAND,HP7 0JD,1.00081E+11,,,,RXQ,BUCKINGHAMSHIRE HEALTHCARE NHS TRUST,NHS TRUST,6/3/2024,
K6A3N,PRESTON HEALTHPORT CDC,RO198,NHS TRUST SITE,RO317,1/10/2021,,Active,23-05-2023,ENGLAND,PR2 8DW,10090425671,,,,RXN,LANCASHIRE TEACHING HOSPITALS NHS FOUNDATION TRUST,NHS TRUST,1/10/2021,
K6P8Q,QUEEN MARY'S HOSPITAL ROEHAMPTON CDC,RO198,NHS TRUST SITE,RO317,1/10/2021,,Active,29-11-2021,ENGLAND,SW15 5PN,121052762,,,,RJ7,ST GEORGE'S UNIVERSITY HOSPITALS NHS FOUNDATION TRUST,NHS TRUST,1/10/2021,
K9X8O,QUEEN VICTORIA HOSPITAL CDC,RO198,NHS TRUST SITE,RO317,1/10/2021,,Active,29-11-2021,ENGLAND,RH19 3DZ,1.00063E+11,,,,RPC,QUEEN VICTORIA HOSPITAL NHS FOUNDATION TRUST,NHS TRUST,1/10/2021,
L0M6C,CRAWLEY COLLABORATIVE CDC,RO198,NHS TRUST SITE,RO317,1/10/2022,30-04-2023,Inactive,25-05-2023,ENGLAND,RH11 7DH,1.00062E+11,,,,RTP,SURREY AND SUSSEX HEALTHCARE NHS TRUST,NHS TRUST,,
L1O7L,ROSSENDALE CDC,RO198,NHS TRUST SITE,RO317,1/10/2021,,Active,29-11-2021,ENGLAND,BB4 7PL,10014331174,,,,RXR,EAST LANCASHIRE HOSPITALS NHS TRUST,NHS TRUST,1/10/2021,
L2D5P,HALIFAX CDC,RO198,NHS TRUST SITE,RO317,1/4/2023,,Active,28-09-2023,ENGLAND,HX1 1UX,,,,,RWY,CALDERDALE AND HUDDERSFIELD NHS FOUNDATION TRUST,NHS TRUST,1/4/2023,
L2P9A,SOMERSET COMMUNITY CDC,RO198,NHS TRUST SITE,RO317,1/10/2021,30-04-2023,Inactive,17-05-2023,ENGLAND,TA1 5DA,10008800708,,,,RH5,SOMERSET NHS FOUNDATION TRUST,NHS TRUST,,
L5L0J,SOUTH TYNESIDE CDC,RO198,NHS TRUST SITE,RO317,1/10/2021,30-04-2023,Inactive,17-05-2023,ENGLAND,NE34 0PL,1.00001E+11,,,,R0B,SOUTH TYNESIDE AND SUNDERLAND NHS FOUNDATION TRUST,NHS TRUST,,
L5X6G,BOGNOR REGIS WAR MEMORIAL HOSPITAL CDC,RO198,NHS TRUST SITE,RO317,6/3/2024,,Active,6/3/2024,ENGLAND,PO22 9PP,2.00003E+11,,,,RDR,SUSSEX COMMUNITY NHS FOUNDATION TRUST,NHS TRUST,6/3/2024,
L5Y8X,SOUTH WARWICKSHIRE CDC,RO198,NHS TRUST SITE,RO317,1/10/2021,,Active,29-11-2021,ENGLAND,CV37 6NX,1.00072E+11,,,,RJC,SOUTH WARWICKSHIRE UNIVERSITY NHS FOUNDATION TRUST,NHS TRUST,1/10/2021,
L6O9O,SOUTHLANDS CDC,RO198,NHS TRUST SITE,RO317,1/10/2021,,Active,30-08-2022,ENGLAND,BN43 6TQ,60017878,,,,RYR,UNIVERSITY HOSPITALS SUSSEX NHS FOUNDATION TRUST,NHS TRUST,1/10/2021,
L6R3Z,ST HELENS CDC,RO198,NHS TRUST SITE,RO317,1/10/2021,30-06-2023,Inactive,14-07-2023,ENGLAND,L35 5DR,40012845,,,,RBN,MERSEY AND WEST LANCASHIRE TEACHING HOSPITALS NHS TRUST,NHS TRUST,,
L7P6U,PORTSMOUTH CDC,RO198,NHS TRUST SITE,RO317,1/10/2021,,Active,30-01-2023,ENGLAND,PO3 6AD,1775097794,,,,RHU,PORTSMOUTH HOSPITALS UNIVERSITY NATIONAL HEALTH SERVICE TRUST,NHS TRUST,1/10/2021,
L8U5A,SOUTH BIRMINGHAM CDC,RO198,NHS TRUST SITE,RO317,1/10/2023,,Active,22-11-2023,ENGLAND,B14 5JF,,,,,RRK,UNIVERSITY HOSPITALS BIRMINGHAM NHS FOUNDATION TRUST,NHS TRUST,1/10/2023,
L9G1W,STW CDC (TELFORD),RO198,NHS TRUST SITE,RO317,1/10/2021,,Active,29-11-2021,ENGLAND,TF3 3DD,,,,,RXW,THE SHREWSBURY AND TELFORD HOSPITAL NHS TRUST,NHS TRUST,1/10/2021,
L9O2S,TEES VALLEY CDC,RO198,NHS TRUST SITE,RO317,1/10/2021,,Active,29-11-2021,ENGLAND,TS24 9AH,10091851453,,,,RVW,NORTH TEES AND HARTLEPOOL NHS FOUNDATION TRUST,NHS TRUST,1/10/2021,
L9W0Q,FRIARAGE CDC,RO198,NHS TRUST SITE,RO317,11/4/2024,,Active,11/4/2024,ENGLAND,DL6 1JG,10001289293,,,,RTR,SOUTH TEES HOSPITALS NHS FOUNDATION TRUST,NHS TRUST,11/4/2024,
M3N9Z,WEST NORFOLK CDC,RO198,NHS TRUST SITE,RO317,1/4/2022,30-04-2023,Inactive,17-05-2023,ENGLAND,PE30 4ET,1.00092E+11,,,,RCX,"THE QUEEN ELIZABETH HOSPITAL, KING'S LYNN, NHS FOUNDATION TRUST",NHS TRUST,,
M3U7C,TESSA JOWELL HEALTH CARE CENTRE CDC,RO198,NHS TRUST SITE,RO317,1/10/2021,,Active,29-11-2021,ENGLAND,SE22 8EY,10094744084,,,,RJ1,GUY'S AND ST THOMAS' NHS FOUNDATION TRUST,NHS TRUST,1/10/2021,
M4E4R,BRIERLEY HILL CDC,RO198,NHS TRUST SITE,RO317,12/7/2024,,Active,12/7/2024,ENGLAND,DY5 1RU,90204901,,,,RNA,THE DUDLEY GROUP NHS FOUNDATION TRUST,NHS TRUST,12/7/2024,
M5A3T,ROYAL SOUTH HANTS CDC,RO198,NHS TRUST SITE,RO317,1/4/2023,30-04-2023,Inactive,25-05-2023,ENGLAND,SO14 0YG,,,,,RW1,SOUTHERN HEALTH NHS FOUNDATION TRUST,NHS TRUST,,
M6K9K,YEOVIL CDC,RO198,NHS TRUST SITE,RO317,1/10/2023,,Active,7/2/2024,ENGLAND,BA20 1EY,30503279,,,,RH5,SOMERSET NHS FOUNDATION TRUST,NHS TRUST,1/10/2023,
M7Y2A,NORTHHAMPTON CDC,RO198,NHS TRUST SITE,,1/10/2023,,Active,3/11/2023,ENGLAND,NN11 4DY,28008378,,,,RNS,NORTHAMPTON GENERAL HOSPITAL NHS TRUST,NHS TRUST,1/10/2023,
M8F9A,BRIGHTON CDC,RO198,NHS TRUST SITE,,6/3/2024,,Active,6/3/2024,ENGLAND,BN1 9BL,22227023,,,,RYR,UNIVERSITY HOSPITALS SUSSEX NHS FOUNDATION TRUST,NHS TRUST,6/3/2024,
M8G6U,UNIVERSITY HOSPITAL OF NORTH DURHAM CDC,RO198,NHS TRUST SITE,RO317,1/10/2021,30-11-2022,Inactive,12/12/2022,ENGLAND,DH1 5TW,2.00003E+11,,,,RXP,COUNTY DURHAM AND DARLINGTON NHS FOUNDATION TRUST,NHS TRUST,,
M8Y1E,HINCKLEY CDC,RO198,NHS TRUST SITE,RO317,1/10/2022,30-06-2023,Inactive,14-07-2023,ENGLAND,LE10 1AG,10033829203,,,,RT5,LEICESTERSHIRE PARTNERSHIP NHS TRUST,NHS TRUST,,
M9Q0F,HUDDERSFIELD CDC,RO198,NHS TRUST SITE,RO317,1/10/2022,,Active,2/3/2023,ENGLAND,HD1 1QX,,,,,RWY,CALDERDALE AND HUDDERSFIELD NHS FOUNDATION TRUST,NHS TRUST,1/10/2022,
N1J4R,VICTORIA INFIRMARY NORTHWICH CDC,RO198,NHS TRUST SITE,RO317,1/10/2021,,Active,29-11-2021,ENGLAND,CW8 1AW,10011719064,,,,RBT,MID CHESHIRE HOSPITALS NHS FOUNDATION TRUST,NHS TRUST,1/10/2021,
N6I0G,PLYMOUTH CDC,RO198,NHS TRUST SITE,RO317,1/4/2023,,Active,16-08-2023,ENGLAND,PL1 1TQ,,,,,RK9,UNIVERSITY HOSPITALS PLYMOUTH NHS TRUST,NHS TRUST,1/4/2023,
N7O3I,WARWICKSHIRE NORTH CDC,RO198,NHS TRUST SITE,RO317,1/10/2021,,Active,29-11-2021,ENGLAND,CV10 7DJ,1.00071E+11,,,,RLT,GEORGE ELIOT HOSPITAL NHS TRUST,NHS TRUST,1/10/2021,
N7S0C,WASHWOOD HEATH CDC,RO198,NHS TRUST SITE,RO317,1/10/2021,,Active,29-11-2021,ENGLAND,B8 3SW,10090256865,,,,RRK,UNIVERSITY HOSPITALS BIRMINGHAM NHS FOUNDATION TRUST,NHS TRUST,1/10/2021,
N9R7C,ST HELENS CDC,RO198,NHS TRUST SITE,RO317,1/4/2023,,Active,17-07-2023,ENGLAND,L35 5DR,40012845,,,,RBN,MERSEY AND WEST LANCASHIRE TEACHING HOSPITALS NHS TRUST,NHS TRUST,1/4/2023,
N9U8C,SOMERSET EAST CDC,RO198,NHS TRUST SITE,RO317,1/4/2023,,Active,1/8/2023,ENGLAND,BA21 4AT,,,,,RH5,SOMERSET NHS FOUNDATION TRUST,NHS TRUST,1/4/2023,
O0A9I,SLOUGH CDC,RO198,NHS TRUST SITE,RO317,1/1/2022,,Active,20-04-2023,ENGLAND,SL1 2BJ,1.00081E+11,,,,RDU,FRIMLEY HEALTH NHS FOUNDATION TRUST,NHS TRUST,1/1/2022,
O0D8X,WEST SWINDON CDC,RO198,NHS TRUST SITE,RO317,1/4/2023,,Active,28-09-2023,ENGLAND,SN5 7DL,10008547116,,,,RN3,GREAT WESTERN HOSPITALS NHS FOUNDATION TRUST,NHS TRUST,1/4/2023,
O1F4J,WESTON CDC,RO198,NHS TRUST SITE,RO317,1/4/2023,,Active,1/8/2023,ENGLAND,BS23 3SJ,24121711,,,,RA7,UNIVERSITY HOSPITALS BRISTOL AND WESTON NHS FOUNDATION TRUST,NHS TRUST,1/4/2023,
O3L2V,QUEEN ELIZABETH KING'S LYNN-CDC,RO198,NHS TRUST SITE,RO317,28-05-2024,,Active,28-05-2024,ENGLAND,PE30 4ET,1.00092E+11,,,,RCX,"THE QUEEN ELIZABETH HOSPITAL, KING'S LYNN, NHS FOUNDATION TRUST",NHS TRUST,28-05-2024,
O4I2S,WEST BERKSHIRE COMMUNITY HOSPITAL CDC,RO198,NHS TRUST SITE,RO317,1/10/2021,,Active,29-11-2021,ENGLAND,RG18 3AS,10009200805,,,,RWX,BERKSHIRE HEALTHCARE NHS FOUNDATION TRUST,NHS TRUST,1/10/2021,
O5D0C,NORTH CUMBRIA CDC,RO198,NHS TRUST SITE,RO317,1/4/2023,,Active,19-04-2023,ENGLAND,CA14 3GS,,,,,RNN,NORTH CUMBRIA INTEGRATED CARE NHS FOUNDATION TRUST,NHS TRUST,1/4/2023,
O5F8M,WESTMORLAND CDC,RO198,NHS TRUST SITE,RO317,1/10/2021,,Active,29-11-2021,ENGLAND,LA9 7RG,10093232857,,,,RTX,UNIVERSITY HOSPITALS OF MORECAMBE BAY NHS FOUNDATION TRUST,NHS TRUST,1/10/2021,
O5P6D,WHITEGATE DRIVE CDC,RO198,NHS TRUST SITE,RO317,1/10/2021,,Active,29-11-2021,ENGLAND,FY3 9ES,,,,,RXL,BLACKPOOL TEACHING HOSPITALS NHS FOUNDATION TRUST,NHS TRUST,1/10/2021,
O7O4E,WHITWORTH HOSPITAL CDC,RO198,NHS TRUST SITE,RO317,1/10/2021,,Active,29-11-2021,ENGLAND,DE4 2JD,10070098161,,,,RFS,CHESTERFIELD ROYAL HOSPITAL NHS FOUNDATION TRUST,NHS TRUST,1/10/2021,
O8F2C,WOKING COMMUNITY HOSPITAL CDC,RO198,NHS TRUST SITE,RO317,1/10/2021,,Active,29-11-2021,ENGLAND,GU22 7HS,1.00062E+11,,,,RTK,ASHFORD AND ST PETER'S HOSPITALS NHS FOUNDATION TRUST,NHS TRUST,1/10/2021,
O9O1W,JAMES PAGET CDC,RO198,NHS TRUST SITE,RO317,1/4/2023,,Active,10/8/2023,ENGLAND,NR31 6LA,2.00004E+11,,,,RGP,JAMES PAGET UNIVERSITY HOSPITALS NHS FOUNDATION TRUST,NHS TRUST,1/4/2023,
P1A0C,CIOS WEST CORNWALL CDC,RO198,NHS TRUST SITE,RO317,1/4/2022,30-04-2023,Inactive,17-05-2023,ENGLAND,TR18 2PF,1.00041E+11,,,,REF,ROYAL CORNWALL HOSPITALS NHS TRUST,NHS TRUST,,
P5B6O,WOOD GREEN CDC,RO198,NHS TRUST SITE,RO317,1/10/2021,,Active,29-11-2021,ENGLAND,N22 6YQ,,,,,RKE,WHITTINGTON HEALTH NHS TRUST,NHS TRUST,1/10/2021,
P6E9C,HEYSHAM CDC,RO198,NHS TRUST SITE,RO317,1/10/2023,,Active,6/2/2024,ENGLAND,LA3 2LE,1.00013E+11,,,,RTX,UNIVERSITY HOSPITALS OF MORECAMBE BAY NHS FOUNDATION TRUST,NHS TRUST,1/10/2023,
P7A7A,CLATTERBRIDGE DIAGNOSTICS CDC,RO198,NHS TRUST SITE,RO317,23-09-2022,,Active,23-09-2022,ENGLAND,CH63 4JY,,,,,RBL,WIRRAL UNIVERSITY TEACHING HOSPITAL NHS FOUNDATION TRUST,NHS TRUST,1/10/2022,
P7P4L,SOUTHEND CDC,RO198,NHS TRUST SITE,RO317,1/4/2023,,Active,2/10/2023,ENGLAND,SS2 5SP,,,,,RAJ,MID AND SOUTH ESSEX NHS FOUNDATION TRUST,NHS TRUST,1/4/2023,
P8O5M,ISLAND CDC,RO198,NHS TRUST SITE,RO317,1/4/2022,30-04-2023,Inactive,25-05-2023,ENGLAND,PO30 5TG,10003316992,,,,R1F,ISLE OF WIGHT NHS TRUST,NHS TRUST,,
P9A4J,NORTH BEDFORDSHIRE CDC,RO198,NHS TRUST SITE,RO317,1/10/2022,,Active,20-02-2023,ENGLAND,MK40 2NU,1.00081E+11,,,,RC9,BEDFORDSHIRE HOSPITALS NHS FOUNDATION TRUST,NHS TRUST,1/10/2022,
P9M9O,ROTHERHAM DIAGNOSTICS CDC,RO198,NHS TRUST SITE,RO317,1/10/2023,,Active,6/2/2024,ENGLAND,S65 2QL,1.00052E+11,,,,RFR,THE ROTHERHAM NHS FOUNDATION TRUST,NHS TRUST,1/10/2023,
P9V3Z,SOUTHPORT CDC,RO198,NHS TRUST SITE,RO317,1/4/2023,,Active,17-07-2023,ENGLAND,PR8 6PN,41129124,,,,RBN,MERSEY AND WEST LANCASHIRE TEACHING HOSPITALS NHS TRUST,NHS TRUST,1/4/2023,
Q3N8L,METROCENTRE CDC,RO198,NHS TRUST SITE,RO317,24-05-2024,,Active,12/7/2024,ENGLAND,NE11 9YR,1.00001E+11,,,,RR7,GATESHEAD HEALTH NHS FOUNDATION TRUST,NHS TRUST,24-05-2024,
Q6T9M,RIPON CDC,RO198,NHS TRUST SITE,RO317,1/4/2023,,Active,28-09-2023,ENGLAND,HG4 2PR,1.00052E+11,,,,RCD,HARROGATE AND DISTRICT NHS FOUNDATION TRUST,NHS TRUST,1/4/2023,
Q7E3E,LEIGH CDC,RO198,NHS TRUST SITE,RO317,1/4/2022,,Active,30-08-2022,ENGLAND,WN7 1HS,1.00013E+11,,,,RRF,"WRIGHTINGTON, WIGAN AND LEIGH NHS FOUNDATION TRUST",NHS TRUST,1/4/2022,
Q9T4V,NORTH BRISTOL CDC,RO198,NHS TRUST SITE,RO317,1/4/2023,,Active,1/8/2023,ENGLAND,BS34 5TL,502879,,,,RVJ,NORTH BRISTOL NHS TRUST,NHS TRUST,1/4/2023,
R1CDC,HIGHBURY CHILDRENS CENTRE,RO198,NHS TRUST SITE,,1/4/2015,,Active,21-07-2021,ENGLAND,PO6 2TL,1775118086,,,,R1C,SOLENT NHS TRUST,NHS TRUST,1/4/2015,
R1LQ2,CDC KEMPSTON,RO198,NHS TRUST SITE,,21-03-2017,,Active,21-03-2017,ENGLAND,MK42 7EB,,,,,R1L,ESSEX PARTNERSHIP UNIVERSITY NHS FOUNDATION TRUST,NHS TRUST,1/4/2017,
R2B3I,QUEEN MARY'S SIDCUP CDC,RO198,NHS TRUST SITE,RO317,1/4/2023,,Active,28-09-2023,ENGLAND,DA14 6LT,1.00023E+11,,,,RPG,OXLEAS NHS FOUNDATION TRUST,NHS TRUST,1/4/2023,
R3H5P,SOMERSET WEST CDC,RO198,NHS TRUST SITE,RO317,1/4/2023,,Active,20-04-2023,ENGLAND,TA1 2PX,,,,,RH5,SOMERSET NHS FOUNDATION TRUST,NHS TRUST,1/4/2023,
R5T4Q,LLOYDS COURT CDC,RO198,NHS TRUST SITE,RO317,1/10/2023,,Active,7/2/2024,ENGLAND,MK9 3AP,,,,,RC9,BEDFORDSHIRE HOSPITALS NHS FOUNDATION TRUST,NHS TRUST,1/10/2023,
R6F0K,CRAWLEY COLLABORATIVE CDC,RO198,NHS TRUST SITE,RO317,1/4/2023,,Active,25-05-2023,ENGLAND,RH11 7DH,1.00062E+11,,,,RTP,SURREY AND SUSSEX HEALTHCARE NHS TRUST,NHS TRUST,1/4/2023,
R8S1A,NORTH SOLIHULL CDC,RO198,NHS TRUST SITE,RO317,1/4/2023,,Active,20-04-2023,ENGLAND,B37 5TT,,,,,RRK,UNIVERSITY HOSPITALS BIRMINGHAM NHS FOUNDATION TRUST,NHS TRUST,1/4/2023,
RATE1,COMMUNITY PAEDIATRICS - CDC GIFFORD HOUSE (EPACT),RO198,NHS TRUST SITE,RO31,1/10/2013,,Active,2/4/2024,ENGLAND,RM16 2PX,,,,,RAT,NORTH EAST LONDON NHS FOUNDATION TRUST,NHS TRUST,1/10/2013,
RATE3,COMMUNITY PAEDIATRICS - CDC (EPACT),RO198,NHS TRUST SITE,RO31,1/10/2013,,Active,2/4/2024,ENGLAND,SS14 1EH,,,,,RAT,NORTH EAST LONDON NHS FOUNDATION TRUST,NHS TRUST,1/10/2013,
RBS86,HUYTON SUNRISE CENTRE,RO198,NHS TRUST SITE,,1/10/2011,,Active,15-05-2012,ENGLAND,L36 5SH,,,,,RBS,ALDER HEY CHILDREN'S NHS FOUNDATION TRUST,NHS TRUST,1/10/2011,
RCBTY,STATEMENTED AND MAINSTREAMED SCHOOLS,RO198,NHS TRUST SITE,,1/4/2005,,Active,15-05-2012,ENGLAND,YO31 8HE,,,,,RCB,YORK AND SCARBOROUGH TEACHING HOSPITALS NHS FOUNDATION TRUST,NHS TRUST,1/4/2005,
RPA10,SWALE CHILD DEVELOPMENT CENTRE (CDC),RO198,NHS TRUST SITE,,1/4/1994,,Active,4/2/2021,ENGLAND,ME12 3NZ,1.00062E+11,GH210,,,RPA,MEDWAY NHS FOUNDATION TRUST,NHS TRUST,1/4/1994,
RR1D3,CDC,RO198,NHS TRUST SITE,RO31,1/10/2008,31-05-2023,Inactive,2/4/2024,ENGLAND,B9 5SS,,,,,RR1,HEART OF ENGLAND NHS FOUNDATION TRUST,NHS TRUST,,
RRED2,WATERLOO STREET EARLY YEARS CENTRE (CDC),RO198,NHS TRUST SITE,,1/4/2006,,Active,21-07-2021,ENGLAND,DE14 2NJ,10010540435,,,,RRE,MIDLANDS PARTNERSHIP NHS FOUNDATION TRUST,NHS TRUST,1/4/2006,
RWNQ2,CDC KEMPSTON,RO198,NHS TRUST SITE,,1/4/2013,,Active,9/2/2021,ENGLAND,MK42 7EB,1.00081E+11,,,,RWN,SOUTH ESSEX PARTNERSHIP UNIVERSITY NHS FOUNDATION TRUST,NHS TRUST,1/4/2013,31-03-2017
RWR53,ST ALBANS CDC,RO198,NHS TRUST SITE,,1/4/2001,,Active,15-05-2012,ENGLAND,AL3 5JB,,RQJ70,,,RWR,HERTFORDSHIRE PARTNERSHIP UNIVERSITY NHS FOUNDATION TRUST,NHS TRUST,1/4/2001,
RYCDC,DUNSTABLE AMBULANCE AND FIRESTATION,RO198,NHS TRUST SITE,,1/10/2019,,Active,29-01-2020,ENGLAND,LU6 1AA,10002274964,,,,RYC,EAST OF ENGLAND AMBULANCE SERVICE NHS TRUST,NHS TRUST,1/10/2019,
S1G9T,SOUTHPORT CDC,RO198,NHS TRUST SITE,RO317,1/4/2022,30-04-2023,Inactive,17-05-2023,ENGLAND,PR8 6PN,41129124,,,,RVY,SOUTHPORT AND ORMSKIRK HOSPITAL NHS TRUST,NHS TRUST,,
S1V9J,EAST SURREY CDC,RO198,NHS TRUST SITE,RO317,1/4/2022,30-04-2023,Inactive,17-05-2023,ENGLAND,RH1 5RH,,,,,RTP,SURREY AND SUSSEX HEALTHCARE NHS TRUST,NHS TRUST,,
T2F2W,DORSET HEALTH VILLAGE SOUTH WALKS CDC,RO198,NHS TRUST SITE,RO317,1/10/2023,,Active,7/2/2024,ENGLAND,DT1 1EE,,,,,RBD,DORSET COUNTY HOSPITAL NHS FOUNDATION TRUST,NHS TRUST,1/10/2023,
T2K2S,WARRINGTON & HALTON CDC,RO198,NHS TRUST SITE,RO317,1/10/2023,,Active,6/2/2024,ENGLAND,WA7 2DA,1.00012E+11,,,,RWW,WARRINGTON AND HALTON TEACHING HOSPITALS NHS FOUNDATION TRUST,NHS TRUST,1/10/2023,
T4N4U,EAST RIDING COMMUNITY HOSPITAL CDC,RO198,NHS TRUST SITE,RO317,1/10/2023,,Active,6/2/2024,ENGLAND,HU17 0FA,10070617559,,,,RWA,HULL UNIVERSITY TEACHING HOSPITALS NHS TRUST,NHS TRUST,1/10/2023,
T4V9E,ST. GEORGE'S HORNCHURCH CDC,RO198,NHS TRUST SITE,RO317,1/4/2023,,Active,3/10/2023,ENGLAND,RM12 6RR,,,,,RF4,"BARKING, HAVERING AND REDBRIDGE UNIVERSITY HOSPITALS NHS TRUST",NHS TRUST,1/4/2023,
T5N6J,NORTH LINCOLNSHIRE CDC,RO198,NHS TRUST SITE,RO317,1/4/2023,,Active,28-04-2023,ENGLAND,DN15 6QU,,,,,RJL,NORTHERN LINCOLNSHIRE AND GOOLE NHS FOUNDATION TRUST,NHS TRUST,1/4/2023,
T6R0R,CIOS BODMIN CDC,RO198,NHS TRUST SITE,RO317,1/10/2021,12/7/2024,Inactive,12/7/2024,ENGLAND,PL31 2QT,10003289658,,,,RJ8,CORNWALL PARTNERSHIP NHS FOUNDATION TRUST,NHS TRUST,,
T8A9V,SOUTH EAST MANCHESTER CDC,RO198,NHS TRUST SITE,RO317,1/4/2023,,Active,3/10/2023,ENGLAND,M34 3JP,,,,,RMP,TAMESIDE AND GLOSSOP INTEGRATED CARE NHS FOUNDATION TRUST,NHS TRUST,1/4/2023,
U3P4N,BRAINTREE CDC,RO198,NHS TRUST SITE,RO317,1/10/2023,,Active,7/2/2024,ENGLAND,CM7 2QU,10006911097,,,,RAJ,MID AND SOUTH ESSEX NHS FOUNDATION TRUST,NHS TRUST,1/10/2023,
U4H2G,BEXHILL CDC,RO198,NHS TRUST SITE,RO317,1/10/2021,,Active,24-02-2023,ENGLAND,TN39 3LJ,1.00063E+11,,,,RXC,EAST SUSSEX HEALTHCARE NHS TRUST,NHS TRUST,1/10/2021,
U8B3B,NORTHGATE CDC,RO198,NHS TRUST SITE,,1/10/2023,,Active,3/11/2023,ENGLAND,NR30 1BU,10023460829,,,,RGP,JAMES PAGET UNIVERSITY HOSPITALS NHS FOUNDATION TRUST,NHS TRUST,1/10/2023,
V09258,DAC & CDC AMESBURY,RO110,GENERAL DENTAL PRACTICE,,1/4/2006,,Active,9/5/2024,ENGLAND,SP4 7AN,,,,,,,,,
V0Y1W,THURROCK CDC,RO198,NHS TRUST SITE,RO317,1/10/2022,,Active,13-12-2022,ENGLAND,RM16 2PX,,,,,RAJ,MID AND SOUTH ESSEX NHS FOUNDATION TRUST,NHS TRUST,1/10/2022,
V1W2D,"DORSET HEALTH VILLAGE POOLE, BEALES CDC",RO198,NHS TRUST SITE,RO317,1/10/2023,,Active,7/2/2024,ENGLAND,BH15 1SQ,10001091194,,,,R0D,UNIVERSITY HOSPITALS DORSET NHS FOUNDATION TRUST,NHS TRUST,1/10/2023,
V4E5F,SELBY WAR MEMORIAL CDC,RO198,NHS TRUST SITE,RO317,1/10/2023,,Active,6/2/2024,ENGLAND,YO8 9BX,1.00052E+11,,,,RCB,YORK AND SCARBOROUGH TEACHING HOSPITALS NHS FOUNDATION TRUST,NHS TRUST,1/10/2023,
V5G2U,HARTLEPOOL CDC,RO198,NHS TRUST SITE,RO317,11/4/2024,,Active,11/4/2024,ENGLAND,TS24 9AH,10091851453,,,,RVW,NORTH TEES AND HARTLEPOOL NHS FOUNDATION TRUST,NHS TRUST,11/4/2024,
V5Y2T,CENTRAL NORFOLK CDC,RO198,NHS TRUST SITE,RO317,1/4/2022,30-04-2023,Inactive,17-05-2023,ENGLAND,NR4 7UY,2630106468,,,,RM1,NORFOLK AND NORWICH UNIVERSITY HOSPITALS NHS FOUNDATION TRUST,NHS TRUST,,
V6C4E,KINGSTON CDC,RO198,NHS TRUST SITE,RO317,1/10/2023,,Active,7/2/2024,ENGLAND,KT2 7QB,1.00023E+11,,,,RAX,KINGSTON HOSPITAL NHS FOUNDATION TRUST,NHS TRUST,1/10/2023,
V8P3V,SHOPPING CITY CDC,RO198,NHS TRUST SITE,RO317,1/10/2023,,Active,6/2/2024,ENGLAND,WA7 2EU,,,,,RWW,WARRINGTON AND HALTON TEACHING HOSPITALS NHS FOUNDATION TRUST,NHS TRUST,1/10/2023,
V9E6G,WHITEHOUSE CDC,RO198,NHS TRUST SITE,RO317,1/10/2023,,Active,7/2/2024,ENGLAND,MK8 1EQ,10094481410,,,,RC9,BEDFORDSHIRE HOSPITALS NHS FOUNDATION TRUST,NHS TRUST,1/10/2023,
V9O3W,MEDWAY CDC,RO198,NHS TRUST SITE,RO317,11/4/2024,,Active,11/4/2024,ENGLAND,ME1 2EL,44023671,,,,RPA,MEDWAY NHS FOUNDATION TRUST,NHS TRUST,11/4/2024,
VNCDC,TRANSFORM HOMECARE NORTH WEST SURREY,RO101,SOCIAL CARE SITE,RO270,17-12-2018,13-05-2021,Inactive,18-06-2021,ENGLAND,TW16 6RX,,,,,AVQR,TRANSFORM HOUSING & SUPPORT,SOCIAL CARE PROVIDER,,
VNTAA,ACDC HOME CARE SERVICES,RO101,SOCIAL CARE SITE,RO270,25-01-2024,,Active,6/3/2024,ENGLAND,PE31 8LS,,,,,A3GT,ARMSCARE LTD,SOCIAL CARE PROVIDER,25-01-2024,
W1G5Q,NEW ADDINGTON CDC,RO198,NHS TRUST SITE,RO317,1/10/2023,,Active,7/2/2024,ENGLAND,CR0 0JB,1.00023E+11,,,,RJ6,CROYDON HEALTH SERVICES NHS TRUST,NHS TRUST,1/10/2023,
W2B3M,CANNOCK CHASE DISTRICT COUNCIL (CCDC),RO176,INDEPENDENT SECTOR H/C PROVIDER SITE,,1/10/2023,,Active,5/3/2024,ENGLAND,WS11 1BG,1.00032E+11,,,,NEM,DIAGNOSTIC HEALTHCARE LTD,INDEPENDENT SECTOR HEALTHCARE PROVIDER,1/10/2023,
W3Z9Z,NEWMARKET CDC,RO198,NHS TRUST SITE,RO317,1/10/2023,,Active,7/2/2024,ENGLAND,CB8 7JG,,,,,RGR,WEST SUFFOLK NHS FOUNDATION TRUST,NHS TRUST,1/10/2023,
W6Q4U,REDCAR CDC,RO198,NHS TRUST SITE,RO317,11/4/2024,,Active,11/4/2024,ENGLAND,TS10 4NW,10023901603,,,,RTR,SOUTH TEES HOSPITALS NHS FOUNDATION TRUST,NHS TRUST,11/4/2024,
X1D4N,PITSEA CDC,RO198,NHS TRUST SITE,,1/10/2023,,Active,7/2/2024,ENGLAND,SS13 3DU,,,,,RAJ,MID AND SOUTH ESSEX NHS FOUNDATION TRUST,NHS TRUST,1/10/2023,
X4D6V,CONGLETON WAR MEMORIAL CDC,RO198,NHS TRUST SITE,,1/10/2023,,Active,3/11/2023,ENGLAND,CW12 3AR,1.00013E+11,,,,RJN,EAST CHESHIRE NHS TRUST,NHS TRUST,1/10/2023,
X4F7Z,ROYAL SOUTH HANTS CDC,RO198,NHS TRUST SITE,RO317,1/4/2023,,Active,25-05-2023,ENGLAND,SO14 0YG,1.00063E+11,,,,RHM,UNIVERSITY HOSPITAL SOUTHAMPTON NHS FOUNDATION TRUST,NHS TRUST,1/4/2023,
X7I8F,STOKE ON TRENT CDC,RO198,NHS TRUST SITE,RO317,1/4/2023,,Active,28-09-2023,ENGLAND,CA6 5SA,,,,,RJE,UNIVERSITY HOSPITALS OF NORTH MIDLANDS NHS TRUST,NHS TRUST,1/4/2023,
X8B4F,SOMERSET WEST CDC,RO176,INDEPENDENT SECTOR H/C PROVIDER SITE,RO317,1/10/2021,31-03-2023,Inactive,20-04-2023,ENGLAND,TA1 2PX,,,,,DCM,RUTHERFORD HEALTH PLC,INDEPENDENT SECTOR HEALTHCARE PROVIDER,,
X8X8H,BRADFORD DISTRICT & CRAVEN CDC,RO198,NHS TRUST SITE,RO317,1/10/2022,,Active,13-12-2022,ENGLAND,BD10 0EP,,,,,RAE,BRADFORD TEACHING HOSPITALS NHS FOUNDATION TRUST,NHS TRUST,1/10/2022,
Y2X1G,BRACKNELL HEALTHSPACE CDC,RO198,NHS TRUST SITE,RO317,6/3/2024,,Active,6/3/2024,ENGLAND,RG12 9RT,10022831085,,,,RHW,ROYAL BERKSHIRE NHS FOUNDATION TRUST,NHS TRUST,6/3/2024,
Y5S3B,MANSFIELD CDC,RO198,NHS TRUST SITE,RO317,1/4/2022,,Active,20-02-2023,ENGLAND,NG18 5QJ,1.00032E+11,,,,RK5,SHERWOOD FOREST HOSPITALS NHS FOUNDATION TRUST,NHS TRUST,1/4/2022,
Y7C8E,BLUEBIRD LODGE CDC,RO198,NHS TRUST SITE,RO317,1/4/2023,,Active,28-09-2023,ENGLAND,IP3 9GJ,10003877781,,,,RDE,EAST SUFFOLK AND NORTH ESSEX NHS FOUNDATION TRUST,NHS TRUST,1/4/2023,
Z0T1A,HULL AND EAST RIDING CDC,RO198,NHS TRUST SITE,,1/10/2023,,Active,3/11/2023,ENGLAND,HU1 3SA,10024006941,,,,RWA,HULL UNIVERSITY TEACHING HOSPITALS NHS TRUST,NHS TRUST,1/10/2023,
Z2R7M,SKEGNESS CDC,RO198,NHS TRUST SITE,RO317,1/4/2023,,Active,28-09-2023,ENGLAND,NG31 8HX,,,,,RWD,UNITED LINCOLNSHIRE HOSPITALS NHS TRUST,NHS TRUST,1/4/2023,
Z3K9U,WEMBLEY CDC,RO198,NHS TRUST SITE,RO317,1/10/2023,,Active,7/2/2024,ENGLAND,HA0 4UZ,202196212,,,,RYJ,IMPERIAL COLLEGE HEALTHCARE NHS TRUST,NHS TRUST,1/10/2023,
Z4J1H,HINCKLEY CDC,RO198,NHS TRUST SITE,RO317,1/4/2023,,Active,17-07-2023,ENGLAND,LE10 1AG,10033829203,,,,RWE,UNIVERSITY HOSPITALS OF LEICESTER NHS TRUST,NHS TRUST,1/4/2023,
Z5K5V,KINGS HEATH CDC,RO198,NHS TRUST SITE,RO317,1/10/2023,,Active,7/2/2024,ENGLAND,NN5 7LN,,,,,RNS,NORTHAMPTON GENERAL HOSPITAL NHS TRUST,NHS TRUST,1/10/2023,
Z9E9U,SALISBURY CDC,RO198,NHS TRUST SITE,RO317,1/4/2023,12/7/2024,Inactive,12/7/2024,ENGLAND,SP1 3SL,10010456907,,,,RN3,GREAT WESTERN HOSPITALS NHS FOUNDATION TRUST,NHS TRUST,,
Z9N8B,HAMPTON CDC,RO198,NHS TRUST SITE,,1/10/2023,,Active,3/11/2023,ENGLAND,PE7 8FD,10008051391,,,,RGN,NORTH WEST ANGLIA NHS FOUNDATION TRUST,NHS TRUST,1/10/2023,
